<?xml version="1.0" encoding="UTF-8"?>
<DocSetNodes version="1.0">
  <TOC>
    <Node>
      <Name>Root</Name>
      <Path>index.html</Path>
      <Subnodes>
       <Node>
        <Name>Packages</Name>
        <Path></Path>
        <Subnodes>
         <Node>
          <Name>Packages</Name>
          <Path>namespaces.html</Path>
          <Subnodes>
           <Node>
            <Name>calendar</Name>
            <Path>namespacecalendar.html</Path>
           </Node>
          </Subnodes>
         </Node>
        </Subnodes>
       </Node>
       <Node>
        <Name>Classes</Name>
        <Path></Path>
        <Subnodes>
         <Node>
          <Name>Class List</Name>
          <Path>annotated.html</Path>
          <Subnodes>
           <Node>
            <Name>calendar</Name>
            <Path>namespacecalendar.html</Path>
            <Subnodes>
             <Node>
              <Name>JSONTransformer</Name>
              <Path>classcalendar_1_1_j_s_o_n_transformer.html</Path>
              <Subnodes>
               <Node>
                <Name>JSONTransformer</Name>
                <Path>classcalendar_1_1_j_s_o_n_transformer.html</Path>
                <Anchor>a1226acb32c6e2659dc1b17b3126a6b09</Anchor>
               </Node>
               <Node>
                <Name>GetRunSessions</Name>
                <Path>classcalendar_1_1_j_s_o_n_transformer.html</Path>
                <Anchor>ae3d21ccfe0a54caf659775537be31692</Anchor>
               </Node>
               <Node>
                <Name>WriteToDataFormat</Name>
                <Path>classcalendar_1_1_j_s_o_n_transformer.html</Path>
                <Anchor>ab3fa1c97ed1e7f14bfa5ff995e02abd6</Anchor>
               </Node>
              </Subnodes>
             </Node>
             <Node>
              <Name>RunEventFilter</Name>
              <Path>classcalendar_1_1_run_event_filter.html</Path>
              <Subnodes>
               <Node>
                <Name>RunEventFilter</Name>
                <Path>classcalendar_1_1_run_event_filter.html</Path>
                <Anchor>a6123f5c5d710eb65ca8209f2f3c36599</Anchor>
               </Node>
               <Node>
                <Name>FromUnixTime</Name>
                <Path>classcalendar_1_1_run_event_filter.html</Path>
                <Anchor>af0fbbfee41160a3a128191d53b49aac8</Anchor>
               </Node>
               <Node>
                <Name>GetEventsForDay</Name>
                <Path>classcalendar_1_1_run_event_filter.html</Path>
                <Anchor>a304c0f8eee90d69a2b7c33ae6ad5d598</Anchor>
               </Node>
               <Node>
                <Name>GetEventsForMonth</Name>
                <Path>classcalendar_1_1_run_event_filter.html</Path>
                <Anchor>aae1073cbc0a5d9f6335260c7d3fc4216</Anchor>
               </Node>
              </Subnodes>
             </Node>
             <Node>
              <Name>RunSession</Name>
              <Path>classcalendar_1_1_run_session.html</Path>
              <Subnodes>
               <Node>
                <Name>Distance</Name>
                <Path>classcalendar_1_1_run_session.html</Path>
                <Anchor>a70bb90218df1bdb2ecda13f8b7da467e</Anchor>
               </Node>
               <Node>
                <Name>Duration</Name>
                <Path>classcalendar_1_1_run_session.html</Path>
                <Anchor>a69deaa6af29074544fada6664b90d10b</Anchor>
               </Node>
               <Node>
                <Name>Start</Name>
                <Path>classcalendar_1_1_run_session.html</Path>
                <Anchor>a44b72675544c1c024f93f733e176bda8</Anchor>
               </Node>
              </Subnodes>
             </Node>
             <Node>
              <Name>SessionReadWriter</Name>
              <Path>classcalendar_1_1_session_read_writer.html</Path>
              <Subnodes>
               <Node>
                <Name>Read</Name>
                <Path>classcalendar_1_1_session_read_writer.html</Path>
                <Anchor>a24f475cbf28d4c48394f5fa4b961314d</Anchor>
               </Node>
              </Subnodes>
             </Node>
             <Node>
              <Name>StatController</Name>
              <Path>classcalendar_1_1_stat_controller.html</Path>
              <Subnodes>
               <Node>
                <Name>StatController</Name>
                <Path>classcalendar_1_1_stat_controller.html</Path>
                <Anchor>a6acdc4b0ef7625898580d14feaab6f32</Anchor>
               </Node>
               <Node>
                <Name>getDistDay</Name>
                <Path>classcalendar_1_1_stat_controller.html</Path>
                <Anchor>a9221fdd7b56daf3783eaee73b29f2626</Anchor>
               </Node>
               <Node>
                <Name>getDistTot</Name>
                <Path>classcalendar_1_1_stat_controller.html</Path>
                <Anchor>ad81b460a6eb2f075c710af8c3afa59ab</Anchor>
               </Node>
               <Node>
                <Name>getNumHourDay</Name>
                <Path>classcalendar_1_1_stat_controller.html</Path>
                <Anchor>a1d7858696bbdaf66a50f778530c68e69</Anchor>
               </Node>
               <Node>
                <Name>getNumHourTot</Name>
                <Path>classcalendar_1_1_stat_controller.html</Path>
                <Anchor>a7100c77d91e087f461492c6ef752d43b</Anchor>
               </Node>
               <Node>
                <Name>getNumStpsDay</Name>
                <Path>classcalendar_1_1_stat_controller.html</Path>
                <Anchor>adc856e48c212902751c54789eeb71e17</Anchor>
               </Node>
               <Node>
                <Name>getNumStpsTot</Name>
                <Path>classcalendar_1_1_stat_controller.html</Path>
                <Anchor>a3a0298fa1400b2d96c9ddd5f2e2c1ca9</Anchor>
               </Node>
               <Node>
                <Name>getVelMedDay</Name>
                <Path>classcalendar_1_1_stat_controller.html</Path>
                <Anchor>a8d726df2e6798c0802cbcc0e8e8ce9e8</Anchor>
               </Node>
               <Node>
                <Name>getVelMedTot</Name>
                <Path>classcalendar_1_1_stat_controller.html</Path>
                <Anchor>a7380aebad0d2ac3fbedf5835b66171df</Anchor>
               </Node>
              </Subnodes>
             </Node>
             <Node>
              <Name>Stats</Name>
              <Path>interfacecalendar_1_1_stats.html</Path>
              <Subnodes>
               <Node>
                <Name>getDistDay</Name>
                <Path>interfacecalendar_1_1_stats.html</Path>
                <Anchor>a67e7c9519d539cfe383b4024324bd655</Anchor>
               </Node>
               <Node>
                <Name>getDistTot</Name>
                <Path>interfacecalendar_1_1_stats.html</Path>
                <Anchor>a914330b12fe383ab98d85f3da9c0da83</Anchor>
               </Node>
               <Node>
                <Name>getNumHourDay</Name>
                <Path>interfacecalendar_1_1_stats.html</Path>
                <Anchor>a30b128d73be7491336691b604d99577d</Anchor>
               </Node>
               <Node>
                <Name>getNumHourTot</Name>
                <Path>interfacecalendar_1_1_stats.html</Path>
                <Anchor>a81e7a9ef7d00966eff314b6066294cbc</Anchor>
               </Node>
               <Node>
                <Name>getNumStpsDay</Name>
                <Path>interfacecalendar_1_1_stats.html</Path>
                <Anchor>aaa6525dac9b427a9167a2afbccd15aee</Anchor>
               </Node>
               <Node>
                <Name>getNumStpsTot</Name>
                <Path>interfacecalendar_1_1_stats.html</Path>
                <Anchor>ae3356e2c5c58fe007a50e1d147245cc8</Anchor>
               </Node>
               <Node>
                <Name>getVelMedDay</Name>
                <Path>interfacecalendar_1_1_stats.html</Path>
                <Anchor>ac442b40a4b0f509e26b00d1f27f06bb2</Anchor>
               </Node>
               <Node>
                <Name>getVelMedTot</Name>
                <Path>interfacecalendar_1_1_stats.html</Path>
                <Anchor>a7fa0eba98303cb3f63247074fb1e6b8c</Anchor>
               </Node>
              </Subnodes>
             </Node>
             <Node>
              <Name>Transformer</Name>
              <Path>interfacecalendar_1_1_transformer.html</Path>
              <Subnodes>
               <Node>
                <Name>GetRunSessions</Name>
                <Path>interfacecalendar_1_1_transformer.html</Path>
                <Anchor>a963809eafacd28346c7c30999b39cfde</Anchor>
               </Node>
               <Node>
                <Name>WriteToDataFormat</Name>
                <Path>interfacecalendar_1_1_transformer.html</Path>
                <Anchor>a6fed4de59ef71de62d6e43f789d7b44e</Anchor>
               </Node>
              </Subnodes>
             </Node>
             <Node>
              <Name>AddWindowView</Name>
              <Path>classcalendar_1_1_add_window_view.html</Path>
              <Subnodes>
               <Node>
                <Name>AddWindowView</Name>
                <Path>classcalendar_1_1_add_window_view.html</Path>
                <Anchor>a12a5b6c6fba98e3b8d1e628665e46c72</Anchor>
               </Node>
               <Node>
                <Name>GetDistance</Name>
                <Path>classcalendar_1_1_add_window_view.html</Path>
                <Anchor>a91c0c9670c8f48067d1cc9703608e902</Anchor>
               </Node>
               <Node>
                <Name>getSessionData</Name>
                <Path>classcalendar_1_1_add_window_view.html</Path>
                <Anchor>ab2b2aba8c9b0c003b6ec6473b599e189</Anchor>
               </Node>
               <Node>
                <Name>GetStart</Name>
                <Path>classcalendar_1_1_add_window_view.html</Path>
                <Anchor>a2d7366aa8201fb3272ff679b5ed8007f</Anchor>
               </Node>
               <Node>
                <Name>GetTime</Name>
                <Path>classcalendar_1_1_add_window_view.html</Path>
                <Anchor>addca02b7fb560f71e6cc39cc157cd152</Anchor>
               </Node>
              </Subnodes>
             </Node>
             <Node>
              <Name>MainWindow</Name>
              <Path>classcalendar_1_1_main_window.html</Path>
              <Subnodes>
               <Node>
                <Name>MainWindow</Name>
                <Path>classcalendar_1_1_main_window.html</Path>
                <Anchor>a076221f06c1707daaeec31a720df040e</Anchor>
               </Node>
               <Node>
                <Name>runFilter</Name>
                <Path>classcalendar_1_1_main_window.html</Path>
                <Anchor>a75240bc0f2639cd948c9d0e8f00f56d0</Anchor>
               </Node>
               <Node>
                <Name>RunSessions</Name>
                <Path>classcalendar_1_1_main_window.html</Path>
                <Anchor>a9f432fb89f9cbe528c6b4596e4ae2f40</Anchor>
               </Node>
              </Subnodes>
             </Node>
             <Node>
              <Name>Principal</Name>
              <Path>classcalendar_1_1_principal.html</Path>
              <Subnodes>
              </Subnodes>
             </Node>
            </Subnodes>
           </Node>
          </Subnodes>
         </Node>
         <Node>
          <Name>Class Index</Name>
          <Path>classes.html</Path>
         </Node>
         <Node>
          <Name>Class Hierarchy</Name>
          <Path>hierarchy.html</Path>
          <Subnodes>
           <Node>
            <Name>Dialog</Name>
            <Path></Path>
            <Subnodes>
             <Node>
              <Name>calendar.AddWindowView</Name>
              <Path>classcalendar_1_1_add_window_view.html</Path>
             </Node>
            </Subnodes>
           </Node>
           <Node>
            <Name>calendar.Principal</Name>
            <Path>classcalendar_1_1_principal.html</Path>
           </Node>
           <Node>
            <Name>calendar.RunEventFilter</Name>
            <Path>classcalendar_1_1_run_event_filter.html</Path>
           </Node>
           <Node>
            <Name>calendar.RunSession</Name>
            <Path>classcalendar_1_1_run_session.html</Path>
           </Node>
           <Node>
            <Name>calendar.SessionReadWriter</Name>
            <Path>classcalendar_1_1_session_read_writer.html</Path>
           </Node>
           <Node>
            <Name>calendar.Stats</Name>
            <Path>interfacecalendar_1_1_stats.html</Path>
            <Subnodes>
             <Node>
              <Name>calendar.StatController</Name>
              <Path>classcalendar_1_1_stat_controller.html</Path>
             </Node>
            </Subnodes>
           </Node>
           <Node>
            <Name>calendar.Transformer</Name>
            <Path>interfacecalendar_1_1_transformer.html</Path>
            <Subnodes>
             <Node>
              <Name>calendar.JSONTransformer</Name>
              <Path>classcalendar_1_1_j_s_o_n_transformer.html</Path>
             </Node>
            </Subnodes>
           </Node>
           <Node>
            <Name>Window</Name>
            <Path></Path>
            <Subnodes>
             <Node>
              <Name>calendar.MainWindow</Name>
              <Path>classcalendar_1_1_main_window.html</Path>
             </Node>
            </Subnodes>
           </Node>
          </Subnodes>
         </Node>
         <Node>
          <Name>Class Members</Name>
          <Path>functions.html</Path>
          <Subnodes>
           <Node>
            <Name>All</Name>
            <Path>functions.html</Path>
           </Node>
           <Node>
            <Name>Functions</Name>
            <Path>functions_func.html</Path>
           </Node>
           <Node>
            <Name>Variables</Name>
            <Path>functions_vars.html</Path>
           </Node>
           <Node>
            <Name>Properties</Name>
            <Path>functions_prop.html</Path>
           </Node>
          </Subnodes>
         </Node>
        </Subnodes>
       </Node>
       <Node>
        <Name>Files</Name>
        <Path></Path>
        <Subnodes>
         <Node>
          <Name>File List</Name>
          <Path>files.html</Path>
          <Subnodes>
           <Node>
            <Name>Core</Name>
            <Path>dir_c6310732a22f63c0c2fc5595561e68f1.html</Path>
            <Subnodes>
             <Node>
              <Name>JSONTransformer.cs</Name>
              <Path>_j_s_o_n_transformer_8cs.html</Path>
              <Subnodes>
               <Node>
                <Name>JSONTransformer</Name>
                <Path>classcalendar_1_1_j_s_o_n_transformer.html</Path>
                <Subnodes>
                 <Node>
                  <Name>JSONTransformer</Name>
                  <Path>classcalendar_1_1_j_s_o_n_transformer.html</Path>
                  <Anchor>a1226acb32c6e2659dc1b17b3126a6b09</Anchor>
                 </Node>
                 <Node>
                  <Name>GetRunSessions</Name>
                  <Path>classcalendar_1_1_j_s_o_n_transformer.html</Path>
                  <Anchor>ae3d21ccfe0a54caf659775537be31692</Anchor>
                 </Node>
                 <Node>
                  <Name>WriteToDataFormat</Name>
                  <Path>classcalendar_1_1_j_s_o_n_transformer.html</Path>
                  <Anchor>ab3fa1c97ed1e7f14bfa5ff995e02abd6</Anchor>
                 </Node>
                </Subnodes>
               </Node>
              </Subnodes>
             </Node>
             <Node>
              <Name>Principal.cs</Name>
              <Path>_core_2_principal_8cs.html</Path>
             </Node>
             <Node>
              <Name>RunEventFilter.cs</Name>
              <Path>_run_event_filter_8cs.html</Path>
              <Subnodes>
               <Node>
                <Name>RunEventFilter</Name>
                <Path>classcalendar_1_1_run_event_filter.html</Path>
                <Subnodes>
                 <Node>
                  <Name>RunEventFilter</Name>
                  <Path>classcalendar_1_1_run_event_filter.html</Path>
                  <Anchor>a6123f5c5d710eb65ca8209f2f3c36599</Anchor>
                 </Node>
                 <Node>
                  <Name>FromUnixTime</Name>
                  <Path>classcalendar_1_1_run_event_filter.html</Path>
                  <Anchor>af0fbbfee41160a3a128191d53b49aac8</Anchor>
                 </Node>
                 <Node>
                  <Name>GetEventsForDay</Name>
                  <Path>classcalendar_1_1_run_event_filter.html</Path>
                  <Anchor>a304c0f8eee90d69a2b7c33ae6ad5d598</Anchor>
                 </Node>
                 <Node>
                  <Name>GetEventsForMonth</Name>
                  <Path>classcalendar_1_1_run_event_filter.html</Path>
                  <Anchor>aae1073cbc0a5d9f6335260c7d3fc4216</Anchor>
                 </Node>
                </Subnodes>
               </Node>
              </Subnodes>
             </Node>
             <Node>
              <Name>RunSession.cs</Name>
              <Path>_run_session_8cs.html</Path>
              <Subnodes>
               <Node>
                <Name>RunSession</Name>
                <Path>classcalendar_1_1_run_session.html</Path>
                <Subnodes>
                 <Node>
                  <Name>Distance</Name>
                  <Path>classcalendar_1_1_run_session.html</Path>
                  <Anchor>a70bb90218df1bdb2ecda13f8b7da467e</Anchor>
                 </Node>
                 <Node>
                  <Name>Duration</Name>
                  <Path>classcalendar_1_1_run_session.html</Path>
                  <Anchor>a69deaa6af29074544fada6664b90d10b</Anchor>
                 </Node>
                 <Node>
                  <Name>Start</Name>
                  <Path>classcalendar_1_1_run_session.html</Path>
                  <Anchor>a44b72675544c1c024f93f733e176bda8</Anchor>
                 </Node>
                </Subnodes>
               </Node>
              </Subnodes>
             </Node>
             <Node>
              <Name>SessionReadWriter.cs</Name>
              <Path>_session_read_writer_8cs.html</Path>
              <Subnodes>
               <Node>
                <Name>SessionReadWriter</Name>
                <Path>classcalendar_1_1_session_read_writer.html</Path>
                <Subnodes>
                 <Node>
                  <Name>Read</Name>
                  <Path>classcalendar_1_1_session_read_writer.html</Path>
                  <Anchor>a24f475cbf28d4c48394f5fa4b961314d</Anchor>
                 </Node>
                </Subnodes>
               </Node>
              </Subnodes>
             </Node>
             <Node>
              <Name>StatController.cs</Name>
              <Path>_stat_controller_8cs.html</Path>
              <Subnodes>
               <Node>
                <Name>StatController</Name>
                <Path>classcalendar_1_1_stat_controller.html</Path>
                <Subnodes>
                 <Node>
                  <Name>StatController</Name>
                  <Path>classcalendar_1_1_stat_controller.html</Path>
                  <Anchor>a6acdc4b0ef7625898580d14feaab6f32</Anchor>
                 </Node>
                 <Node>
                  <Name>getDistDay</Name>
                  <Path>classcalendar_1_1_stat_controller.html</Path>
                  <Anchor>a9221fdd7b56daf3783eaee73b29f2626</Anchor>
                 </Node>
                 <Node>
                  <Name>getDistTot</Name>
                  <Path>classcalendar_1_1_stat_controller.html</Path>
                  <Anchor>ad81b460a6eb2f075c710af8c3afa59ab</Anchor>
                 </Node>
                 <Node>
                  <Name>getNumHourDay</Name>
                  <Path>classcalendar_1_1_stat_controller.html</Path>
                  <Anchor>a1d7858696bbdaf66a50f778530c68e69</Anchor>
                 </Node>
                 <Node>
                  <Name>getNumHourTot</Name>
                  <Path>classcalendar_1_1_stat_controller.html</Path>
                  <Anchor>a7100c77d91e087f461492c6ef752d43b</Anchor>
                 </Node>
                 <Node>
                  <Name>getNumStpsDay</Name>
                  <Path>classcalendar_1_1_stat_controller.html</Path>
                  <Anchor>adc856e48c212902751c54789eeb71e17</Anchor>
                 </Node>
                 <Node>
                  <Name>getNumStpsTot</Name>
                  <Path>classcalendar_1_1_stat_controller.html</Path>
                  <Anchor>a3a0298fa1400b2d96c9ddd5f2e2c1ca9</Anchor>
                 </Node>
                 <Node>
                  <Name>getVelMedDay</Name>
                  <Path>classcalendar_1_1_stat_controller.html</Path>
                  <Anchor>a8d726df2e6798c0802cbcc0e8e8ce9e8</Anchor>
                 </Node>
                 <Node>
                  <Name>getVelMedTot</Name>
                  <Path>classcalendar_1_1_stat_controller.html</Path>
                  <Anchor>a7380aebad0d2ac3fbedf5835b66171df</Anchor>
                 </Node>
                </Subnodes>
               </Node>
              </Subnodes>
             </Node>
             <Node>
              <Name>Stats.cs</Name>
              <Path>_stats_8cs.html</Path>
              <Subnodes>
               <Node>
                <Name>Stats</Name>
                <Path>interfacecalendar_1_1_stats.html</Path>
                <Subnodes>
                 <Node>
                  <Name>getDistDay</Name>
                  <Path>interfacecalendar_1_1_stats.html</Path>
                  <Anchor>a67e7c9519d539cfe383b4024324bd655</Anchor>
                 </Node>
                 <Node>
                  <Name>getDistTot</Name>
                  <Path>interfacecalendar_1_1_stats.html</Path>
                  <Anchor>a914330b12fe383ab98d85f3da9c0da83</Anchor>
                 </Node>
                 <Node>
                  <Name>getNumHourDay</Name>
                  <Path>interfacecalendar_1_1_stats.html</Path>
                  <Anchor>a30b128d73be7491336691b604d99577d</Anchor>
                 </Node>
                 <Node>
                  <Name>getNumHourTot</Name>
                  <Path>interfacecalendar_1_1_stats.html</Path>
                  <Anchor>a81e7a9ef7d00966eff314b6066294cbc</Anchor>
                 </Node>
                 <Node>
                  <Name>getNumStpsDay</Name>
                  <Path>interfacecalendar_1_1_stats.html</Path>
                  <Anchor>aaa6525dac9b427a9167a2afbccd15aee</Anchor>
                 </Node>
                 <Node>
                  <Name>getNumStpsTot</Name>
                  <Path>interfacecalendar_1_1_stats.html</Path>
                  <Anchor>ae3356e2c5c58fe007a50e1d147245cc8</Anchor>
                 </Node>
                 <Node>
                  <Name>getVelMedDay</Name>
                  <Path>interfacecalendar_1_1_stats.html</Path>
                  <Anchor>ac442b40a4b0f509e26b00d1f27f06bb2</Anchor>
                 </Node>
                 <Node>
                  <Name>getVelMedTot</Name>
                  <Path>interfacecalendar_1_1_stats.html</Path>
                  <Anchor>a7fa0eba98303cb3f63247074fb1e6b8c</Anchor>
                 </Node>
                </Subnodes>
               </Node>
              </Subnodes>
             </Node>
             <Node>
              <Name>Transformer.cs</Name>
              <Path>_transformer_8cs.html</Path>
              <Subnodes>
               <Node>
                <Name>Transformer</Name>
                <Path>interfacecalendar_1_1_transformer.html</Path>
                <Subnodes>
                 <Node>
                  <Name>GetRunSessions</Name>
                  <Path>interfacecalendar_1_1_transformer.html</Path>
                  <Anchor>a963809eafacd28346c7c30999b39cfde</Anchor>
                 </Node>
                 <Node>
                  <Name>WriteToDataFormat</Name>
                  <Path>interfacecalendar_1_1_transformer.html</Path>
                  <Anchor>a6fed4de59ef71de62d6e43f789d7b44e</Anchor>
                 </Node>
                </Subnodes>
               </Node>
              </Subnodes>
             </Node>
            </Subnodes>
           </Node>
           <Node>
            <Name>obj</Name>
            <Path>dir_43724e81dd40e09f32417973865cdd64.html</Path>
            <Subnodes>
             <Node>
              <Name>x86</Name>
              <Path>dir_d47853e6fb8fbc7aaad40510cff11bbf.html</Path>
              <Subnodes>
               <Node>
                <Name>Debug</Name>
                <Path>dir_a404c407b50258a875677cca767ffb8d.html</Path>
                <Subnodes>
                 <Node>
                  <Name>.NETFramework,Version=v4.5.AssemblyAttribute.cs</Name>
                  <Path>_8_n_e_t_framework_00_version_0Av4_85_8_assembly_attribute_8cs.html</Path>
                 </Node>
                </Subnodes>
               </Node>
              </Subnodes>
             </Node>
            </Subnodes>
           </Node>
           <Node>
            <Name>View</Name>
            <Path>dir_f2ee84e8e3a17eaa7015d788fa443c27.html</Path>
            <Subnodes>
             <Node>
              <Name>AddWindowCore.cs</Name>
              <Path>_add_window_core_8cs.html</Path>
              <Subnodes>
               <Node>
                <Name>AddWindowView</Name>
                <Path>classcalendar_1_1_add_window_view.html</Path>
                <Subnodes>
                 <Node>
                  <Name>AddWindowView</Name>
                  <Path>classcalendar_1_1_add_window_view.html</Path>
                  <Anchor>a12a5b6c6fba98e3b8d1e628665e46c72</Anchor>
                 </Node>
                 <Node>
                  <Name>GetDistance</Name>
                  <Path>classcalendar_1_1_add_window_view.html</Path>
                  <Anchor>a91c0c9670c8f48067d1cc9703608e902</Anchor>
                 </Node>
                 <Node>
                  <Name>getSessionData</Name>
                  <Path>classcalendar_1_1_add_window_view.html</Path>
                  <Anchor>ab2b2aba8c9b0c003b6ec6473b599e189</Anchor>
                 </Node>
                 <Node>
                  <Name>GetStart</Name>
                  <Path>classcalendar_1_1_add_window_view.html</Path>
                  <Anchor>a2d7366aa8201fb3272ff679b5ed8007f</Anchor>
                 </Node>
                 <Node>
                  <Name>GetTime</Name>
                  <Path>classcalendar_1_1_add_window_view.html</Path>
                  <Anchor>addca02b7fb560f71e6cc39cc157cd152</Anchor>
                 </Node>
                </Subnodes>
               </Node>
              </Subnodes>
             </Node>
             <Node>
              <Name>AddWindowView.cs</Name>
              <Path>_add_window_view_8cs.html</Path>
              <Subnodes>
               <Node>
                <Name>AddWindowView</Name>
                <Path>classcalendar_1_1_add_window_view.html</Path>
                <Subnodes>
                 <Node>
                  <Name>AddWindowView</Name>
                  <Path>classcalendar_1_1_add_window_view.html</Path>
                  <Anchor>a12a5b6c6fba98e3b8d1e628665e46c72</Anchor>
                 </Node>
                 <Node>
                  <Name>GetDistance</Name>
                  <Path>classcalendar_1_1_add_window_view.html</Path>
                  <Anchor>a91c0c9670c8f48067d1cc9703608e902</Anchor>
                 </Node>
                 <Node>
                  <Name>getSessionData</Name>
                  <Path>classcalendar_1_1_add_window_view.html</Path>
                  <Anchor>ab2b2aba8c9b0c003b6ec6473b599e189</Anchor>
                 </Node>
                 <Node>
                  <Name>GetStart</Name>
                  <Path>classcalendar_1_1_add_window_view.html</Path>
                  <Anchor>a2d7366aa8201fb3272ff679b5ed8007f</Anchor>
                 </Node>
                 <Node>
                  <Name>GetTime</Name>
                  <Path>classcalendar_1_1_add_window_view.html</Path>
                  <Anchor>addca02b7fb560f71e6cc39cc157cd152</Anchor>
                 </Node>
                </Subnodes>
               </Node>
              </Subnodes>
             </Node>
             <Node>
              <Name>MainWindowCore.cs</Name>
              <Path>_main_window_core_8cs.html</Path>
              <Subnodes>
               <Node>
                <Name>MainWindow</Name>
                <Path>classcalendar_1_1_main_window.html</Path>
                <Subnodes>
                 <Node>
                  <Name>MainWindow</Name>
                  <Path>classcalendar_1_1_main_window.html</Path>
                  <Anchor>a076221f06c1707daaeec31a720df040e</Anchor>
                 </Node>
                 <Node>
                  <Name>runFilter</Name>
                  <Path>classcalendar_1_1_main_window.html</Path>
                  <Anchor>a75240bc0f2639cd948c9d0e8f00f56d0</Anchor>
                 </Node>
                 <Node>
                  <Name>RunSessions</Name>
                  <Path>classcalendar_1_1_main_window.html</Path>
                  <Anchor>a9f432fb89f9cbe528c6b4596e4ae2f40</Anchor>
                 </Node>
                </Subnodes>
               </Node>
              </Subnodes>
             </Node>
             <Node>
              <Name>MainWindowCoreStats.cs</Name>
              <Path>_main_window_core_stats_8cs.html</Path>
             </Node>
             <Node>
              <Name>MainWindowView.cs</Name>
              <Path>_main_window_view_8cs.html</Path>
              <Subnodes>
               <Node>
                <Name>MainWindow</Name>
                <Path>classcalendar_1_1_main_window.html</Path>
                <Subnodes>
                 <Node>
                  <Name>MainWindow</Name>
                  <Path>classcalendar_1_1_main_window.html</Path>
                  <Anchor>a076221f06c1707daaeec31a720df040e</Anchor>
                 </Node>
                 <Node>
                  <Name>runFilter</Name>
                  <Path>classcalendar_1_1_main_window.html</Path>
                  <Anchor>a75240bc0f2639cd948c9d0e8f00f56d0</Anchor>
                 </Node>
                 <Node>
                  <Name>RunSessions</Name>
                  <Path>classcalendar_1_1_main_window.html</Path>
                  <Anchor>a9f432fb89f9cbe528c6b4596e4ae2f40</Anchor>
                 </Node>
                </Subnodes>
               </Node>
              </Subnodes>
             </Node>
             <Node>
              <Name>MainWindowViewStats.cs</Name>
              <Path>_main_window_view_stats_8cs.html</Path>
             </Node>
             <Node>
              <Name>Principal.cs</Name>
              <Path>_view_2_principal_8cs.html</Path>
              <Subnodes>
               <Node>
                <Name>Principal</Name>
                <Path>classcalendar_1_1_principal.html</Path>
                <Subnodes>
                </Subnodes>
               </Node>
              </Subnodes>
             </Node>
            </Subnodes>
           </Node>
          </Subnodes>
         </Node>
        </Subnodes>
       </Node>
      </Subnodes>
    </Node>
  </TOC>
</DocSetNodes>
