<?xml version="1.0" encoding="UTF-8"?>
<Tokens version="1.0">
  <Token>
    <TokenIdentifier>
      <Name>calendar</Name>
      <APILanguage>csharp</APILanguage>
      <Type>ns</Type>
      <Scope>calendar</Scope>
    </TokenIdentifier>
    <Path>namespacecalendar.html</Path>
  </Token>
  <Token>
    <TokenIdentifier>
      <Name>calendar::JSONTransformer</Name>
      <APILanguage>csharp</APILanguage>
      <Type>cl</Type>
      <Scope>calendar.JSONTransformer</Scope>
    </TokenIdentifier>
    <Path>classcalendar_1_1_j_s_o_n_transformer.html</Path>
    <Abstract>JSON transformer. </Abstract>
  </Token>
  <Token>
    <TokenIdentifier>
      <Name>JSONTransformer</Name>
      <APILanguage>csharp</APILanguage>
      <Type>instm</Type>
      <Scope>calendar.JSONTransformer</Scope>
    </TokenIdentifier>
    <Path>classcalendar_1_1_j_s_o_n_transformer.html</Path>
    <Anchor>a1226acb32c6e2659dc1b17b3126a6b09</Anchor>
    <DeclaredIn>JSONTransformer.cs</DeclaredIn>
  </Token>
  <Token>
    <TokenIdentifier>
      <Name>GetRunSessions</Name>
      <APILanguage>csharp</APILanguage>
      <Type>instm</Type>
      <Scope>calendar.JSONTransformer</Scope>
    </TokenIdentifier>
    <Path>classcalendar_1_1_j_s_o_n_transformer.html</Path>
    <Anchor>ae3d21ccfe0a54caf659775537be31692</Anchor>
    <Abstract>Converts a JSON file to a RunSession List. </Abstract>
    <DeclaredIn>JSONTransformer.cs</DeclaredIn>
  </Token>
  <Token>
    <TokenIdentifier>
      <Name>WriteToDataFormat</Name>
      <APILanguage>csharp</APILanguage>
      <Type>instm</Type>
      <Scope>calendar.JSONTransformer</Scope>
    </TokenIdentifier>
    <Path>classcalendar_1_1_j_s_o_n_transformer.html</Path>
    <Anchor>ab3fa1c97ed1e7f14bfa5ff995e02abd6</Anchor>
    <Abstract>Tos the json. </Abstract>
    <DeclaredIn>JSONTransformer.cs</DeclaredIn>
  </Token>
  <Token>
    <TokenIdentifier>
      <Name>calendar::RunEventFilter</Name>
      <APILanguage>csharp</APILanguage>
      <Type>cl</Type>
      <Scope>calendar.RunEventFilter</Scope>
    </TokenIdentifier>
    <Path>classcalendar_1_1_run_event_filter.html</Path>
    <Abstract>Run event filter. </Abstract>
  </Token>
  <Token>
    <TokenIdentifier>
      <Name>RunEventFilter</Name>
      <APILanguage>csharp</APILanguage>
      <Type>instm</Type>
      <Scope>calendar.RunEventFilter</Scope>
    </TokenIdentifier>
    <Path>classcalendar_1_1_run_event_filter.html</Path>
    <Anchor>a6123f5c5d710eb65ca8209f2f3c36599</Anchor>
    <DeclaredIn>RunEventFilter.cs</DeclaredIn>
  </Token>
  <Token>
    <TokenIdentifier>
      <Name>GetEventsForMonth</Name>
      <APILanguage>csharp</APILanguage>
      <Type>instm</Type>
      <Scope>calendar.RunEventFilter</Scope>
    </TokenIdentifier>
    <Path>classcalendar_1_1_run_event_filter.html</Path>
    <Anchor>aae1073cbc0a5d9f6335260c7d3fc4216</Anchor>
    <Abstract>Gets the events for month. </Abstract>
    <DeclaredIn>RunEventFilter.cs</DeclaredIn>
  </Token>
  <Token>
    <TokenIdentifier>
      <Name>GetEventsForDay</Name>
      <APILanguage>csharp</APILanguage>
      <Type>instm</Type>
      <Scope>calendar.RunEventFilter</Scope>
    </TokenIdentifier>
    <Path>classcalendar_1_1_run_event_filter.html</Path>
    <Anchor>a304c0f8eee90d69a2b7c33ae6ad5d598</Anchor>
    <Abstract>Gets the events for day. </Abstract>
    <DeclaredIn>RunEventFilter.cs</DeclaredIn>
  </Token>
  <Token>
    <TokenIdentifier>
      <Name>FromUnixTime</Name>
      <APILanguage>csharp</APILanguage>
      <Type>instm</Type>
      <Scope>calendar.RunEventFilter</Scope>
    </TokenIdentifier>
    <Path>classcalendar_1_1_run_event_filter.html</Path>
    <Anchor>af0fbbfee41160a3a128191d53b49aac8</Anchor>
    <Abstract>Froms the unix time. </Abstract>
    <DeclaredIn>RunEventFilter.cs</DeclaredIn>
  </Token>
  <Token>
    <TokenIdentifier>
      <Name>calendar::RunSession</Name>
      <APILanguage>csharp</APILanguage>
      <Type>cl</Type>
      <Scope>calendar.RunSession</Scope>
    </TokenIdentifier>
    <Path>classcalendar_1_1_run_session.html</Path>
    <Abstract>RunSession. </Abstract>
  </Token>
  <Token>
    <TokenIdentifier>
      <Name>Start</Name>
      <APILanguage>csharp</APILanguage>
      <Type>instp</Type>
      <Scope>calendar.RunSession</Scope>
    </TokenIdentifier>
    <Path>classcalendar_1_1_run_session.html</Path>
    <Anchor>a44b72675544c1c024f93f733e176bda8</Anchor>
  </Token>
  <Token>
    <TokenIdentifier>
      <Name>Duration</Name>
      <APILanguage>csharp</APILanguage>
      <Type>instp</Type>
      <Scope>calendar.RunSession</Scope>
    </TokenIdentifier>
    <Path>classcalendar_1_1_run_session.html</Path>
    <Anchor>a69deaa6af29074544fada6664b90d10b</Anchor>
  </Token>
  <Token>
    <TokenIdentifier>
      <Name>Distance</Name>
      <APILanguage>csharp</APILanguage>
      <Type>instp</Type>
      <Scope>calendar.RunSession</Scope>
    </TokenIdentifier>
    <Path>classcalendar_1_1_run_session.html</Path>
    <Anchor>a70bb90218df1bdb2ecda13f8b7da467e</Anchor>
  </Token>
  <Token>
    <TokenIdentifier>
      <Name>calendar::SessionReadWriter</Name>
      <APILanguage>csharp</APILanguage>
      <Type>cl</Type>
      <Scope>calendar.SessionReadWriter</Scope>
    </TokenIdentifier>
    <Path>classcalendar_1_1_session_read_writer.html</Path>
  </Token>
  <Token>
    <TokenIdentifier>
      <Name>Read</Name>
      <APILanguage>csharp</APILanguage>
      <Type>instm</Type>
      <Scope>calendar.SessionReadWriter</Scope>
    </TokenIdentifier>
    <Path>classcalendar_1_1_session_read_writer.html</Path>
    <Anchor>a24f475cbf28d4c48394f5fa4b961314d</Anchor>
    <DeclaredIn>SessionReadWriter.cs</DeclaredIn>
  </Token>
  <Token>
    <TokenIdentifier>
      <Name>ToJson</Name>
      <APILanguage>csharp</APILanguage>
      <Type>clm</Type>
      <Scope>calendar.SessionReadWriter</Scope>
    </TokenIdentifier>
    <Path>classcalendar_1_1_session_read_writer.html</Path>
    <Anchor>afc65b3582d692e5a9a74639fcec35207</Anchor>
    <DeclaredIn>SessionReadWriter.cs</DeclaredIn>
  </Token>
  <Token>
    <TokenIdentifier>
      <Name>calendar::StatController</Name>
      <APILanguage>csharp</APILanguage>
      <Type>cl</Type>
      <Scope>calendar.StatController</Scope>
    </TokenIdentifier>
    <Path>classcalendar_1_1_stat_controller.html</Path>
  </Token>
  <Token>
    <TokenIdentifier>
      <Name>StatController</Name>
      <APILanguage>csharp</APILanguage>
      <Type>instm</Type>
      <Scope>calendar.StatController</Scope>
    </TokenIdentifier>
    <Path>classcalendar_1_1_stat_controller.html</Path>
    <Anchor>a6acdc4b0ef7625898580d14feaab6f32</Anchor>
    <DeclaredIn>StatController.cs</DeclaredIn>
  </Token>
  <Token>
    <TokenIdentifier>
      <Name>getDistDay</Name>
      <APILanguage>csharp</APILanguage>
      <Type>instm</Type>
      <Scope>calendar.StatController</Scope>
    </TokenIdentifier>
    <Path>classcalendar_1_1_stat_controller.html</Path>
    <Anchor>a9221fdd7b56daf3783eaee73b29f2626</Anchor>
    <Abstract>Gets the dist day. </Abstract>
    <DeclaredIn>StatController.cs</DeclaredIn>
  </Token>
  <Token>
    <TokenIdentifier>
      <Name>getDistTot</Name>
      <APILanguage>csharp</APILanguage>
      <Type>instm</Type>
      <Scope>calendar.StatController</Scope>
    </TokenIdentifier>
    <Path>classcalendar_1_1_stat_controller.html</Path>
    <Anchor>ad81b460a6eb2f075c710af8c3afa59ab</Anchor>
    <Abstract>Gets the dist tot. </Abstract>
    <DeclaredIn>StatController.cs</DeclaredIn>
  </Token>
  <Token>
    <TokenIdentifier>
      <Name>getVelMedTot</Name>
      <APILanguage>csharp</APILanguage>
      <Type>instm</Type>
      <Scope>calendar.StatController</Scope>
    </TokenIdentifier>
    <Path>classcalendar_1_1_stat_controller.html</Path>
    <Anchor>a7380aebad0d2ac3fbedf5835b66171df</Anchor>
    <Abstract>Gets the vel media. </Abstract>
    <DeclaredIn>StatController.cs</DeclaredIn>
  </Token>
  <Token>
    <TokenIdentifier>
      <Name>getVelMedDay</Name>
      <APILanguage>csharp</APILanguage>
      <Type>instm</Type>
      <Scope>calendar.StatController</Scope>
    </TokenIdentifier>
    <Path>classcalendar_1_1_stat_controller.html</Path>
    <Anchor>a8d726df2e6798c0802cbcc0e8e8ce9e8</Anchor>
    <Abstract>Gets the vel med day. </Abstract>
    <DeclaredIn>StatController.cs</DeclaredIn>
  </Token>
  <Token>
    <TokenIdentifier>
      <Name>getNumStpsTot</Name>
      <APILanguage>csharp</APILanguage>
      <Type>instm</Type>
      <Scope>calendar.StatController</Scope>
    </TokenIdentifier>
    <Path>classcalendar_1_1_stat_controller.html</Path>
    <Anchor>a3a0298fa1400b2d96c9ddd5f2e2c1ca9</Anchor>
    <Abstract>Gets the number stps tot. </Abstract>
    <DeclaredIn>StatController.cs</DeclaredIn>
  </Token>
  <Token>
    <TokenIdentifier>
      <Name>getNumStpsDay</Name>
      <APILanguage>csharp</APILanguage>
      <Type>instm</Type>
      <Scope>calendar.StatController</Scope>
    </TokenIdentifier>
    <Path>classcalendar_1_1_stat_controller.html</Path>
    <Anchor>adc856e48c212902751c54789eeb71e17</Anchor>
    <Abstract>Gets the number stps day. </Abstract>
    <DeclaredIn>StatController.cs</DeclaredIn>
  </Token>
  <Token>
    <TokenIdentifier>
      <Name>getNumHourTot</Name>
      <APILanguage>csharp</APILanguage>
      <Type>instm</Type>
      <Scope>calendar.StatController</Scope>
    </TokenIdentifier>
    <Path>classcalendar_1_1_stat_controller.html</Path>
    <Anchor>a7100c77d91e087f461492c6ef752d43b</Anchor>
    <Abstract>Calculate Total Num of Hours </Abstract>
    <DeclaredIn>StatController.cs</DeclaredIn>
  </Token>
  <Token>
    <TokenIdentifier>
      <Name>getNumHourDay</Name>
      <APILanguage>csharp</APILanguage>
      <Type>instm</Type>
      <Scope>calendar.StatController</Scope>
    </TokenIdentifier>
    <Path>classcalendar_1_1_stat_controller.html</Path>
    <Anchor>a1d7858696bbdaf66a50f778530c68e69</Anchor>
    <Abstract>Gets the number hour of this day. </Abstract>
    <DeclaredIn>StatController.cs</DeclaredIn>
  </Token>
  <Token>
    <TokenIdentifier>
      <Name>calendar::Stats</Name>
      <APILanguage>csharp</APILanguage>
      <Type>cl</Type>
      <Scope>calendar.Stats</Scope>
    </TokenIdentifier>
    <Path>interfacecalendar_1_1_stats.html</Path>
    <Abstract>Fachada is an interface that contains methods for getting statistics. </Abstract>
  </Token>
  <Token>
    <TokenIdentifier>
      <Name>getDistTot</Name>
      <APILanguage>csharp</APILanguage>
      <Type>instm</Type>
      <Scope>calendar.Stats</Scope>
    </TokenIdentifier>
    <Path>interfacecalendar_1_1_stats.html</Path>
    <Anchor>a914330b12fe383ab98d85f3da9c0da83</Anchor>
    <DeclaredIn>Stats.cs</DeclaredIn>
  </Token>
  <Token>
    <TokenIdentifier>
      <Name>getDistDay</Name>
      <APILanguage>csharp</APILanguage>
      <Type>instm</Type>
      <Scope>calendar.Stats</Scope>
    </TokenIdentifier>
    <Path>interfacecalendar_1_1_stats.html</Path>
    <Anchor>a67e7c9519d539cfe383b4024324bd655</Anchor>
    <DeclaredIn>Stats.cs</DeclaredIn>
  </Token>
  <Token>
    <TokenIdentifier>
      <Name>getVelMedTot</Name>
      <APILanguage>csharp</APILanguage>
      <Type>instm</Type>
      <Scope>calendar.Stats</Scope>
    </TokenIdentifier>
    <Path>interfacecalendar_1_1_stats.html</Path>
    <Anchor>a7fa0eba98303cb3f63247074fb1e6b8c</Anchor>
    <DeclaredIn>Stats.cs</DeclaredIn>
  </Token>
  <Token>
    <TokenIdentifier>
      <Name>getVelMedDay</Name>
      <APILanguage>csharp</APILanguage>
      <Type>instm</Type>
      <Scope>calendar.Stats</Scope>
    </TokenIdentifier>
    <Path>interfacecalendar_1_1_stats.html</Path>
    <Anchor>ac442b40a4b0f509e26b00d1f27f06bb2</Anchor>
    <DeclaredIn>Stats.cs</DeclaredIn>
  </Token>
  <Token>
    <TokenIdentifier>
      <Name>getNumStpsTot</Name>
      <APILanguage>csharp</APILanguage>
      <Type>instm</Type>
      <Scope>calendar.Stats</Scope>
    </TokenIdentifier>
    <Path>interfacecalendar_1_1_stats.html</Path>
    <Anchor>ae3356e2c5c58fe007a50e1d147245cc8</Anchor>
    <DeclaredIn>Stats.cs</DeclaredIn>
  </Token>
  <Token>
    <TokenIdentifier>
      <Name>getNumStpsDay</Name>
      <APILanguage>csharp</APILanguage>
      <Type>instm</Type>
      <Scope>calendar.Stats</Scope>
    </TokenIdentifier>
    <Path>interfacecalendar_1_1_stats.html</Path>
    <Anchor>aaa6525dac9b427a9167a2afbccd15aee</Anchor>
    <DeclaredIn>Stats.cs</DeclaredIn>
  </Token>
  <Token>
    <TokenIdentifier>
      <Name>getNumHourTot</Name>
      <APILanguage>csharp</APILanguage>
      <Type>instm</Type>
      <Scope>calendar.Stats</Scope>
    </TokenIdentifier>
    <Path>interfacecalendar_1_1_stats.html</Path>
    <Anchor>a81e7a9ef7d00966eff314b6066294cbc</Anchor>
    <DeclaredIn>Stats.cs</DeclaredIn>
  </Token>
  <Token>
    <TokenIdentifier>
      <Name>getNumHourDay</Name>
      <APILanguage>csharp</APILanguage>
      <Type>instm</Type>
      <Scope>calendar.Stats</Scope>
    </TokenIdentifier>
    <Path>interfacecalendar_1_1_stats.html</Path>
    <Anchor>a30b128d73be7491336691b604d99577d</Anchor>
    <DeclaredIn>Stats.cs</DeclaredIn>
  </Token>
  <Token>
    <TokenIdentifier>
      <Name>calendar::Transformer</Name>
      <APILanguage>csharp</APILanguage>
      <Type>cl</Type>
      <Scope>calendar.Transformer</Scope>
    </TokenIdentifier>
    <Path>interfacecalendar_1_1_transformer.html</Path>
  </Token>
  <Token>
    <TokenIdentifier>
      <Name>GetRunSessions</Name>
      <APILanguage>csharp</APILanguage>
      <Type>instm</Type>
      <Scope>calendar.Transformer</Scope>
    </TokenIdentifier>
    <Path>interfacecalendar_1_1_transformer.html</Path>
    <Anchor>a963809eafacd28346c7c30999b39cfde</Anchor>
    <DeclaredIn>Transformer.cs</DeclaredIn>
  </Token>
  <Token>
    <TokenIdentifier>
      <Name>WriteToDataFormat</Name>
      <APILanguage>csharp</APILanguage>
      <Type>instm</Type>
      <Scope>calendar.Transformer</Scope>
    </TokenIdentifier>
    <Path>interfacecalendar_1_1_transformer.html</Path>
    <Anchor>a6fed4de59ef71de62d6e43f789d7b44e</Anchor>
    <DeclaredIn>Transformer.cs</DeclaredIn>
  </Token>
  <Token>
    <TokenIdentifier>
      <Name>calendar::AddWindowView</Name>
      <APILanguage>csharp</APILanguage>
      <Type>cl</Type>
      <Scope>calendar.AddWindowView</Scope>
    </TokenIdentifier>
    <Path>classcalendar_1_1_add_window_view.html</Path>
  </Token>
  <Token>
    <TokenIdentifier>
      <Name>GetTime</Name>
      <APILanguage>csharp</APILanguage>
      <Type>instm</Type>
      <Scope>calendar.AddWindowView</Scope>
    </TokenIdentifier>
    <Path>classcalendar_1_1_add_window_view.html</Path>
    <Anchor>addca02b7fb560f71e6cc39cc157cd152</Anchor>
    <DeclaredIn>AddWindowCore.cs</DeclaredIn>
  </Token>
  <Token>
    <TokenIdentifier>
      <Name>GetDistance</Name>
      <APILanguage>csharp</APILanguage>
      <Type>instm</Type>
      <Scope>calendar.AddWindowView</Scope>
    </TokenIdentifier>
    <Path>classcalendar_1_1_add_window_view.html</Path>
    <Anchor>a91c0c9670c8f48067d1cc9703608e902</Anchor>
    <DeclaredIn>AddWindowCore.cs</DeclaredIn>
  </Token>
  <Token>
    <TokenIdentifier>
      <Name>GetStart</Name>
      <APILanguage>csharp</APILanguage>
      <Type>instm</Type>
      <Scope>calendar.AddWindowView</Scope>
    </TokenIdentifier>
    <Path>classcalendar_1_1_add_window_view.html</Path>
    <Anchor>a2d7366aa8201fb3272ff679b5ed8007f</Anchor>
    <DeclaredIn>AddWindowCore.cs</DeclaredIn>
  </Token>
  <Token>
    <TokenIdentifier>
      <Name>getSessionData</Name>
      <APILanguage>csharp</APILanguage>
      <Type>instm</Type>
      <Scope>calendar.AddWindowView</Scope>
    </TokenIdentifier>
    <Path>classcalendar_1_1_add_window_view.html</Path>
    <Anchor>ab2b2aba8c9b0c003b6ec6473b599e189</Anchor>
    <DeclaredIn>AddWindowCore.cs</DeclaredIn>
  </Token>
  <Token>
    <TokenIdentifier>
      <Name>AddWindowView</Name>
      <APILanguage>csharp</APILanguage>
      <Type>instm</Type>
      <Scope>calendar.AddWindowView</Scope>
    </TokenIdentifier>
    <Path>classcalendar_1_1_add_window_view.html</Path>
    <Anchor>a12a5b6c6fba98e3b8d1e628665e46c72</Anchor>
    <DeclaredIn>AddWindowView.cs</DeclaredIn>
  </Token>
  <Token>
    <TokenIdentifier>
      <Name>calendar::MainWindow</Name>
      <APILanguage>csharp</APILanguage>
      <Type>cl</Type>
      <Scope>calendar.MainWindow</Scope>
    </TokenIdentifier>
    <Path>classcalendar_1_1_main_window.html</Path>
    <Abstract>Main window represents the calendar UI </Abstract>
  </Token>
  <Token>
    <TokenIdentifier>
      <Name>MainWindow</Name>
      <APILanguage>csharp</APILanguage>
      <Type>instm</Type>
      <Scope>calendar.MainWindow</Scope>
    </TokenIdentifier>
    <Path>classcalendar_1_1_main_window.html</Path>
    <Anchor>a076221f06c1707daaeec31a720df040e</Anchor>
    <DeclaredIn>MainWindowView.cs</DeclaredIn>
  </Token>
  <Token>
    <TokenIdentifier>
      <Name>RunSessions</Name>
      <APILanguage>csharp</APILanguage>
      <Type>data</Type>
      <Scope>calendar.MainWindow</Scope>
    </TokenIdentifier>
    <Path>classcalendar_1_1_main_window.html</Path>
    <Anchor>a9f432fb89f9cbe528c6b4596e4ae2f40</Anchor>
  </Token>
  <Token>
    <TokenIdentifier>
      <Name>runFilter</Name>
      <APILanguage>csharp</APILanguage>
      <Type>data</Type>
      <Scope>calendar.MainWindow</Scope>
    </TokenIdentifier>
    <Path>classcalendar_1_1_main_window.html</Path>
    <Anchor>a75240bc0f2639cd948c9d0e8f00f56d0</Anchor>
  </Token>
  <Token>
    <TokenIdentifier>
      <Name>calendar::Principal</Name>
      <APILanguage>csharp</APILanguage>
      <Type>cl</Type>
      <Scope>calendar.Principal</Scope>
    </TokenIdentifier>
    <Path>classcalendar_1_1_principal.html</Path>
    <Abstract>Principal handles the main program </Abstract>
  </Token>
  <Token>
    <TokenIdentifier>
      <Name>Main</Name>
      <APILanguage>csharp</APILanguage>
      <Type>clm</Type>
      <Scope>calendar.Principal</Scope>
    </TokenIdentifier>
    <Path>classcalendar_1_1_principal.html</Path>
    <Anchor>a7a48ad6f22361052f93de57114667429</Anchor>
    <DeclaredIn>Principal.cs</DeclaredIn>
  </Token>
</Tokens>
